max_depth,max_split_values,accuracy,precision,recall,f1
6,1000,0.8839038233094285,0.8588985723965513,0.8905901734664212,0.8744573297650907
