max_depth,max_split_values,accuracy,precision,recall,f1
3,1000,0.8290537419156144,0.8512662790138882,0.7537872340425532,0.7995666794556411
