n_trees,max_depth,max_split_values,max_features,accuracy,precision,recall,f1
100,4,1000,5,0.6400331074838312,0.5569235878822385,0.9989787234042553,0.7151539152818607
100,6,1000,5,0.6542385278718817,0.5667832589554939,0.9998297872340426,0.7234546994072819
200,4,1000,5,0.6242685555897752,0.5462618560535615,0.9999148936170212,0.7065367731072223
200,6,1000,5,0.6346627656298122,0.5532040114882998,0.9999574468085106,0.7123283518748674
